[
  {
    "img":"https:\/\/ak-d.tripcdn.com\/images\/0104412000f0jle3p633C.jpg",
    "title":"Ben Thanh Market",
    "desc":"The largest trading market in Ho Chi Minh City, selling diverse goods, souvenirs, and local delicacies. Very lively."
  },
  {
    "img":"https:\/\/ak-d.tripcdn.com\/images\/0101l12000krrnbg11837.jpg",
    "title":"Saigon Opera House",
    "desc":"A European-style Gothic building with exquisite reliefs. Only open to tourists who buy show tickets."
  },
  {
    "img":"https:\/\/ak-d.tripcdn.com\/images\/10090y000000m11gb4BB8.jpg",
    "title":"Notre Dame Cathedral of Saigon",
    "desc":"A landmark building featuring typical Gothic architecture, built in the late 19th century. Has two 40m bell towers."
  },
  {
    "img":"https:\/\/ak-d.tripcdn.com\/images\/0104012000f6q0hgk5621.jpg",
    "title":"Saigon Zoo & Botanical Garden",
    "desc":"One of the most famous and largest animal and botanical gardens in Southeast Asia, covering 32 hectares."
  },

  {
    "img":"https:\/\/ak-d.tripcdn.com\/images\/0100o12000o44sael2F9F.jpg",
    "title":"Ho Chi Minh City Museum of Fine Arts",
    "desc":"A bright yellow building blending French and Vietnamese design. Displays contemporary and older art collections."
  }
]